{"init_stamp_secs": 1655259537.4736059, "init_stamp_tuple": [2022, 6, 15, 10, 18, 57, 2, 166, 0], "last_virtual_time": 1655259537.473599, "deltaT": 5000.0}