{"init_stamp_secs": 1650373077.952482, "init_stamp_tuple": [2022, 4, 19, 20, 57, 57, 1, 109, 0], "last_virtual_time": 1650373077.952482, "deltaT": 1}