{"init_stamp_secs": 1650390493.507924, "init_stamp_tuple": [2022, 4, 20, 1, 48, 13, 2, 110, 0], "last_virtual_time": 1650393254.2958572, "deltaT": 1}