{"init_stamp_secs": 1655260513.4831018, "init_stamp_tuple": [2022, 6, 15, 10, 35, 13, 2, 166, 0], "last_virtual_time": 1655394261.2709305, "deltaT": 1.0}